id,Tg,FFV,Tc,Density,Rg
1109053969,114.58385,0.39310026,0.22192177,1.3161079,15.131016
1422188626,146.01299,0.3832064,0.29655078,1.2420095,14.4257
2032016830,124.76408,0.36143446,0.34977993,1.2605833,13.988169
