id,Tg,FFV,Tc,Density,Rg
1109053969,115.0046615600586,0.3660794794559479,0.0465,1.2728277444839478,16.929519653320312
1422188626,112.47611999511719,0.2992136776447296,0.06834803521633148,1.2435674667358398,17.482818603515625
2032016830,130.75428771972656,0.2269924,0.08369503915309906,1.3867830038070679,16.701282501220703
