id,Tg,FFV,Tc,Density,Rg
1109053969,99.650856,0.3699872528999999,0.22584798802628364,1.1119713,25.481236
1422188626,150.0038,0.37685505723499996,0.23299544088426002,1.0415401,21.680067
2032016830,78.97287,0.3561422428100001,0.2641714602125205,1.0742438,19.211025
